{"cameraMode":{"drawMode":0,"name":"Shaded","section":"Shading Mode"},"sceneLighting":true,"audioPlay":false,"sceneViewState":{"showFog":true,"showMaterialUpdate":false,"showSkybox":true,"showFlares":true,"showImageEffects":true,"showParticleSystems":true},"in2DMode":false,"pivot":{"x":392.83050537109377,"y":242.08229064941407,"z":0.0},"rotation":{"x":-0.008337326347827912,"y":-0.9851282238960266,"z":0.16434715688228608,"w":-0.04967992380261421},"size":406.81573486328127,"orthographic":true}